{"_runtime":0,"acc":0.8844486388876467,"loss":0.15277817498469384,"_timestamp":1.7611470194591115e+09,"_step":7,"_wandb":{"runtime":0}}