{"loss":0.19170111901915096,"_timestamp":1.7611468230229669e+09,"_wandb":{"runtime":0},"_runtime":0,"_step":7,"acc":0.796742326224756}