{"_step":7,"acc":0.8376135359566186,"loss":0.14454964225804048,"_timestamp":1.7611465839126685e+09,"_wandb":{"runtime":0},"_runtime":0}